id,first_name,last_name,email,gender,ip_address,image
1,Ellswerth,Goggey,egoggey0@boston.com,Female,169.46.160.107,http://dummyimage.com/103x100.png/dddddd/000000
2,Romain,Mityashev,rmityashev1@typepad.com,Female,215.136.214.190,http://dummyimage.com/158x100.png/5fa2dd/ffffff
3,Clarine,Clemenzi,cclemenzi2@163.com,Female,25.246.41.248,http://dummyimage.com/203x100.png/ff4444/ffffff
4,Millard,Eslinger,meslinger3@addthis.com,Female,214.217.179.44,http://dummyimage.com/172x100.png/cc0000/ffffff
5,Annabal,Ganford,aganford4@purevolume.com,Male,30.138.162.199,http://dummyimage.com/176x100.png/dddddd/000000
6,Aksel,Siseland,asiseland5@comcast.net,Male,115.83.254.186,http://dummyimage.com/161x100.png/dddddd/000000
7,Luella,Godspeede,lgodspeede6@so-net.ne.jp,Male,203.148.47.170,http://dummyimage.com/172x100.png/cc0000/ffffff
8,Hadrian,Baumford,hbaumford7@nytimes.com,Female,249.146.20.22,http://dummyimage.com/117x100.png/dddddd/000000
9,Hildagard,Cambridge,hcambridge8@mapquest.com,Female,0.73.107.85,http://dummyimage.com/134x100.png/cc0000/ffffff
10,Ashely,Lindhe,alindhe9@a8.net,Female,45.178.192.253,http://dummyimage.com/176x100.png/5fa2dd/ffffff
11,Dinny,Sunnucks,dsunnucksa@mtv.com,Female,149.72.34.166,http://dummyimage.com/168x100.png/ff4444/ffffff
12,Christy,Coggill,ccoggillb@marketwatch.com,Female,201.164.154.1,http://dummyimage.com/112x100.png/ff4444/ffffff
13,Hilarius,Doddemeade,hdoddemeadec@kickstarter.com,Female,245.39.86.126,http://dummyimage.com/109x100.png/5fa2dd/ffffff
14,Vivian,Tellett,vtellettd@opera.com,Female,164.157.13.176,http://dummyimage.com/170x100.png/dddddd/000000
15,Jillene,Mazzeo,jmazzeoe@ask.com,Female,5.120.168.230,http://dummyimage.com/190x100.png/5fa2dd/ffffff
16,Klaus,Giacovetti,kgiacovettif@smugmug.com,Female,1.50.246.170,http://dummyimage.com/204x100.png/cc0000/ffffff
17,Fan,Hellin,fhelling@blogspot.com,Female,221.203.39.95,http://dummyimage.com/127x100.png/dddddd/000000
18,Kora,Stanworth,kstanworthh@t-online.de,Male,226.64.45.128,http://dummyimage.com/224x100.png/5fa2dd/ffffff
19,Robinet,Perry,rperryi@amazon.co.uk,Male,18.163.37.20,http://dummyimage.com/106x100.png/5fa2dd/ffffff
20,Yehudit,Rissom,yrissomj@wikimedia.org,Male,15.151.96.221,http://dummyimage.com/135x100.png/dddddd/000000
21,Aurore,Feather,afeatherk@devhub.com,Male,118.111.219.216,http://dummyimage.com/110x100.png/cc0000/ffffff
22,Elie,Risbridge,erisbridgel@google.pl,Male,112.15.187.216,http://dummyimage.com/106x100.png/dddddd/000000
23,Joshua,Speir,jspeirm@hexun.com,Female,199.206.105.252,http://dummyimage.com/185x100.png/ff4444/ffffff
24,Travis,Chace,tchacen@adobe.com,Female,32.130.246.15,http://dummyimage.com/220x100.png/5fa2dd/ffffff
25,Tyne,Partridge,tpartridgeo@tmall.com,Female,207.109.138.75,http://dummyimage.com/133x100.png/ff4444/ffffff
26,Lilah,Channon,lchannonp@linkedin.com,Female,11.218.161.207,http://dummyimage.com/233x100.png/dddddd/000000
27,Korney,Piborn,kpibornq@com.com,Female,59.240.162.250,http://dummyimage.com/187x100.png/ff4444/ffffff
28,Luce,Lascelles,llascellesr@myspace.com,Agender,45.122.232.212,http://dummyimage.com/229x100.png/cc0000/ffffff
29,Barnabas,Silman,bsilmans@domainmarket.com,Male,89.122.167.196,http://dummyimage.com/161x100.png/5fa2dd/ffffff
30,Tedda,Fomichyov,tfomichyovt@google.ru,Female,242.93.95.0,http://dummyimage.com/165x100.png/cc0000/ffffff
31,Elsworth,Zuanelli,ezuanelliu@feedburner.com,Female,144.251.251.86,http://dummyimage.com/109x100.png/dddddd/000000
32,Emile,Mitrovic,emitrovicv@google.com,Female,63.85.137.248,http://dummyimage.com/164x100.png/5fa2dd/ffffff
33,Leoline,Caldeyroux,lcaldeyrouxw@blogger.com,Male,193.7.3.154,http://dummyimage.com/153x100.png/5fa2dd/ffffff
34,Stanton,Dingle,sdinglex@washington.edu,Female,82.171.7.66,http://dummyimage.com/168x100.png/cc0000/ffffff
35,Johnathan,Izat,jizaty@microsoft.com,Female,93.159.240.61,http://dummyimage.com/201x100.png/5fa2dd/ffffff
36,Zsazsa,Shenton,zshentonz@cpanel.net,Female,96.55.186.44,http://dummyimage.com/117x100.png/5fa2dd/ffffff
37,Shelly,Yeowell,syeowell10@biglobe.ne.jp,Genderfluid,119.186.137.175,http://dummyimage.com/225x100.png/5fa2dd/ffffff
38,Tony,Berford,tberford11@ehow.com,Male,127.121.80.65,http://dummyimage.com/186x100.png/dddddd/000000
39,Joey,Blueman,jblueman12@joomla.org,Female,40.253.196.62,http://dummyimage.com/139x100.png/5fa2dd/ffffff
40,Martin,Gilffilland,mgilffilland13@networksolutions.com,Polygender,161.11.190.247,http://dummyimage.com/142x100.png/cc0000/ffffff
41,Janetta,Kauscher,jkauscher14@google.cn,Agender,148.220.227.100,http://dummyimage.com/250x100.png/5fa2dd/ffffff
42,Jaquith,McKinless,jmckinless15@ifeng.com,Male,190.225.175.225,http://dummyimage.com/121x100.png/5fa2dd/ffffff
43,Walsh,Binks,wbinks16@freewebs.com,Male,123.181.118.23,http://dummyimage.com/192x100.png/cc0000/ffffff
44,Caz,Blogg,cblogg17@indiatimes.com,Female,165.64.204.210,http://dummyimage.com/174x100.png/5fa2dd/ffffff
45,Deni,Barsam,dbarsam18@google.com.br,Female,135.219.34.210,http://dummyimage.com/199x100.png/dddddd/000000
46,Cullan,Hoggan,choggan19@comcast.net,Female,120.63.214.109,http://dummyimage.com/215x100.png/5fa2dd/ffffff
47,Tully,Sarginson,tsarginson1a@weather.com,Male,188.156.22.140,http://dummyimage.com/229x100.png/dddddd/000000
48,Kori,Leaman,kleaman1b@goodreads.com,Female,188.194.40.130,http://dummyimage.com/199x100.png/ff4444/ffffff
49,Kathryn,Attwoull,kattwoull1c@whitehouse.gov,Genderfluid,103.27.12.96,http://dummyimage.com/173x100.png/dddddd/000000
50,Christian,Bartosek,cbartosek1d@illinois.edu,Bigender,1.248.31.118,http://dummyimage.com/220x100.png/ff4444/ffffff
51,Pepita,Bushell,pbushell1e@yellowpages.com,Female,245.15.23.68,http://dummyimage.com/172x100.png/dddddd/000000
52,Dante,Olsen,dolsen1f@microsoft.com,Male,214.124.215.47,http://dummyimage.com/103x100.png/5fa2dd/ffffff
53,Lizette,Blick,lblick1g@yahoo.co.jp,Non-binary,190.107.108.187,http://dummyimage.com/156x100.png/5fa2dd/ffffff
54,Margalo,Sutch,msutch1h@usda.gov,Male,133.219.161.18,http://dummyimage.com/211x100.png/cc0000/ffffff
55,Virge,Rate,vrate1i@dyndns.org,Female,39.83.2.55,http://dummyimage.com/139x100.png/ff4444/ffffff
56,Randie,Gouch,rgouch1j@fc2.com,Female,200.249.158.205,http://dummyimage.com/177x100.png/dddddd/000000
57,Courtnay,Storcke,cstorcke1k@indiatimes.com,Female,157.124.214.100,http://dummyimage.com/246x100.png/dddddd/000000
58,Jarrett,Brydone,jbrydone1l@acquirethisname.com,Male,108.178.16.51,http://dummyimage.com/154x100.png/dddddd/000000
59,Kamila,Nathan,knathan1m@gravatar.com,Male,66.70.21.209,http://dummyimage.com/159x100.png/5fa2dd/ffffff
60,Liane,Bushaway,lbushaway1n@rambler.ru,Male,111.251.141.6,http://dummyimage.com/181x100.png/5fa2dd/ffffff
61,Nikolas,Peattie,npeattie1o@reddit.com,Female,10.166.38.196,http://dummyimage.com/155x100.png/ff4444/ffffff
62,Isidoro,Durdy,idurdy1p@tripod.com,Male,68.68.159.6,http://dummyimage.com/236x100.png/ff4444/ffffff
63,Loy,Fishley,lfishley1q@biblegateway.com,Female,200.234.190.29,http://dummyimage.com/196x100.png/ff4444/ffffff
64,Berta,Bauser,bbauser1r@twitter.com,Female,40.165.234.167,http://dummyimage.com/182x100.png/cc0000/ffffff
65,Georgeanna,Randal,grandal1s@pcworld.com,Male,63.130.72.80,http://dummyimage.com/168x100.png/cc0000/ffffff
66,Borg,Frede,bfrede1t@1688.com,Male,189.77.43.209,http://dummyimage.com/206x100.png/ff4444/ffffff
67,Dwayne,Garton,dgarton1u@imdb.com,Female,63.136.176.72,http://dummyimage.com/232x100.png/dddddd/000000
68,Flemming,Rossbrook,frossbrook1v@archive.org,Female,238.234.90.145,http://dummyimage.com/160x100.png/5fa2dd/ffffff
69,Ogdon,Rummer,orummer1w@mit.edu,Female,241.98.253.63,http://dummyimage.com/219x100.png/ff4444/ffffff
70,Timofei,Schroder,tschroder1x@mayoclinic.com,Female,93.22.189.50,http://dummyimage.com/126x100.png/ff4444/ffffff
71,Betsy,Stealfox,bstealfox1y@princeton.edu,Non-binary,79.97.162.71,http://dummyimage.com/202x100.png/cc0000/ffffff
72,Torey,Heathorn,theathorn1z@free.fr,Male,12.157.114.74,http://dummyimage.com/210x100.png/cc0000/ffffff
73,Wallie,Izon,wizon20@rambler.ru,Female,143.79.194.129,http://dummyimage.com/118x100.png/ff4444/ffffff
74,Creighton,Eake,ceake21@vk.com,Male,114.230.37.160,http://dummyimage.com/177x100.png/dddddd/000000
75,Dorri,Colthard,dcolthard22@google.com,Female,221.140.50.140,http://dummyimage.com/106x100.png/cc0000/ffffff
76,Rasia,Blennerhassett,rblennerhassett23@jugem.jp,Female,35.28.54.243,http://dummyimage.com/137x100.png/ff4444/ffffff
77,Sinclair,Mosedall,smosedall24@nymag.com,Male,6.101.173.237,http://dummyimage.com/184x100.png/ff4444/ffffff
78,Burgess,Boumphrey,bboumphrey25@cnbc.com,Female,66.168.173.181,http://dummyimage.com/129x100.png/5fa2dd/ffffff
79,Archie,Grumbridge,agrumbridge26@dyndns.org,Female,188.95.149.32,http://dummyimage.com/175x100.png/cc0000/ffffff
80,Karlens,Balfre,kbalfre27@shutterfly.com,Male,46.195.25.64,http://dummyimage.com/134x100.png/ff4444/ffffff
81,Britta,Daburn,bdaburn28@mlb.com,Male,48.49.36.233,http://dummyimage.com/100x100.png/5fa2dd/ffffff
82,Henrieta,Colquhoun,hcolquhoun29@free.fr,Male,60.4.186.31,http://dummyimage.com/158x100.png/5fa2dd/ffffff
83,Hillel,Dangl,hdangl2a@bizjournals.com,Male,101.173.247.248,http://dummyimage.com/186x100.png/ff4444/ffffff
84,Benni,Willans,bwillans2b@newsvine.com,Male,196.230.224.113,http://dummyimage.com/165x100.png/dddddd/000000
85,Margot,de la Valette Parisot,mdelavaletteparisot2c@illinois.edu,Genderqueer,94.163.145.11,http://dummyimage.com/171x100.png/5fa2dd/ffffff
86,Jesse,Babcock,jbabcock2d@fc2.com,Female,183.202.34.76,http://dummyimage.com/173x100.png/ff4444/ffffff
87,Raven,Getty,rgetty2e@weibo.com,Male,21.49.36.30,http://dummyimage.com/127x100.png/5fa2dd/ffffff
88,Casey,Brotherick,cbrotherick2f@php.net,Male,49.244.88.200,http://dummyimage.com/232x100.png/5fa2dd/ffffff
89,Rheba,Sickling,rsickling2g@cam.ac.uk,Female,139.55.248.11,http://dummyimage.com/218x100.png/dddddd/000000
90,Marielle,McClurg,mmcclurg2h@princeton.edu,Male,229.79.137.101,http://dummyimage.com/139x100.png/5fa2dd/ffffff
91,Dora,Duxbury,dduxbury2i@so-net.ne.jp,Male,244.153.140.166,http://dummyimage.com/106x100.png/dddddd/000000
92,Lucais,Paradise,lparadise2j@barnesandnoble.com,Female,88.155.161.154,http://dummyimage.com/141x100.png/dddddd/000000
93,Quincey,Rodder,qrodder2k@sohu.com,Female,192.14.191.227,http://dummyimage.com/205x100.png/dddddd/000000
94,Mara,Ivetts,mivetts2l@mlb.com,Male,142.57.170.80,http://dummyimage.com/227x100.png/5fa2dd/ffffff
95,Shana,Lynde,slynde2m@4shared.com,Male,154.204.40.254,http://dummyimage.com/164x100.png/dddddd/000000
96,Alma,Vaneschi,avaneschi2n@cam.ac.uk,Female,44.67.221.249,http://dummyimage.com/177x100.png/ff4444/ffffff
97,Husain,Manwell,hmanwell2o@thetimes.co.uk,Male,174.147.91.141,http://dummyimage.com/185x100.png/ff4444/ffffff
98,Rosita,Tonna,rtonna2p@mapquest.com,Female,112.253.167.167,http://dummyimage.com/150x100.png/cc0000/ffffff
99,Felipa,Dukesbury,fdukesbury2q@wiley.com,Female,165.242.53.76,http://dummyimage.com/149x100.png/dddddd/000000
100,Jerrilyn,Eynaud,jeynaud2r@example.com,Male,205.215.138.14,http://dummyimage.com/211x100.png/5fa2dd/ffffff
101,Gonzalo,Hellings,ghellings2s@sina.com.cn,Male,138.254.170.3,http://dummyimage.com/123x100.png/dddddd/000000
102,Dulciana,Dulany,ddulany2t@psu.edu,Female,41.40.233.26,http://dummyimage.com/115x100.png/dddddd/000000
103,Anson,Snasel,asnasel2u@about.com,Female,120.51.219.79,http://dummyimage.com/190x100.png/ff4444/ffffff
104,Flss,Mattiessen,fmattiessen2v@elegantthemes.com,Female,130.195.102.18,http://dummyimage.com/206x100.png/ff4444/ffffff
105,Xylia,Earney,xearney2w@deviantart.com,Male,140.220.5.138,http://dummyimage.com/231x100.png/5fa2dd/ffffff
106,Linzy,Bakster,lbakster2x@ca.gov,Female,249.233.135.5,http://dummyimage.com/156x100.png/cc0000/ffffff
107,Artair,Dibble,adibble2y@cbc.ca,Male,192.232.172.228,http://dummyimage.com/204x100.png/ff4444/ffffff
108,Leela,Bonick,lbonick2z@issuu.com,Male,85.169.188.119,http://dummyimage.com/249x100.png/cc0000/ffffff
109,Brittney,Bushby,bbushby30@mapquest.com,Female,76.225.7.194,http://dummyimage.com/206x100.png/ff4444/ffffff
110,Yvor,Shoveller,yshoveller31@cafepress.com,Female,249.71.133.95,http://dummyimage.com/234x100.png/dddddd/000000
111,Ariela,Rasher,arasher32@prweb.com,Female,114.125.92.186,http://dummyimage.com/227x100.png/dddddd/000000
112,Sidnee,Rubinovitch,srubinovitch33@wired.com,Female,86.130.146.96,http://dummyimage.com/250x100.png/ff4444/ffffff
113,Danella,McLernon,dmclernon34@ucoz.com,Male,10.137.71.63,http://dummyimage.com/208x100.png/cc0000/ffffff
114,Augusto,Pannett,apannett35@nbcnews.com,Female,158.211.128.234,http://dummyimage.com/235x100.png/ff4444/ffffff
115,Eolande,Whatford,ewhatford36@vimeo.com,Male,214.18.252.122,http://dummyimage.com/245x100.png/dddddd/000000
116,Modesta,McConigal,mmcconigal37@flickr.com,Female,172.220.189.124,http://dummyimage.com/145x100.png/ff4444/ffffff
117,Koenraad,Sunnucks,ksunnucks38@nymag.com,Female,62.93.232.250,http://dummyimage.com/141x100.png/ff4444/ffffff
118,Purcell,Ebbin,pebbin39@plala.or.jp,Female,188.215.122.141,http://dummyimage.com/131x100.png/dddddd/000000
119,Pate,Kenen,pkenen3a@nih.gov,Male,74.241.58.241,http://dummyimage.com/241x100.png/5fa2dd/ffffff
120,Truman,Tarply,ttarply3b@nsw.gov.au,Male,61.47.16.112,http://dummyimage.com/194x100.png/dddddd/000000
121,Vina,Simakov,vsimakov3c@census.gov,Female,251.100.112.109,http://dummyimage.com/196x100.png/dddddd/000000
122,Viviana,Kerley,vkerley3d@cbsnews.com,Female,162.233.214.172,http://dummyimage.com/145x100.png/dddddd/000000
123,Meryl,Rowlings,mrowlings3e@so-net.ne.jp,Male,127.43.40.77,http://dummyimage.com/233x100.png/ff4444/ffffff
124,Barton,Ilymanov,bilymanov3f@tinyurl.com,Male,120.157.101.199,http://dummyimage.com/219x100.png/cc0000/ffffff
125,Minna,Gogerty,mgogerty3g@4shared.com,Female,116.54.93.247,http://dummyimage.com/103x100.png/5fa2dd/ffffff
126,Gerianna,Abramamov,gabramamov3h@nature.com,Female,161.237.79.249,http://dummyimage.com/133x100.png/ff4444/ffffff
127,Jen,Hyndley,jhyndley3i@adobe.com,Female,248.235.58.176,http://dummyimage.com/218x100.png/ff4444/ffffff
128,Kakalina,Eagleston,keagleston3j@msu.edu,Female,144.171.163.224,http://dummyimage.com/143x100.png/cc0000/ffffff
129,Coleman,Shout,cshout3k@i2i.jp,Male,45.196.252.140,http://dummyimage.com/146x100.png/cc0000/ffffff
130,Griffy,Longson,glongson3l@businessinsider.com,Male,182.159.142.154,http://dummyimage.com/188x100.png/cc0000/ffffff
131,Oliver,Skaife,oskaife3m@ibm.com,Male,34.239.57.174,http://dummyimage.com/178x100.png/5fa2dd/ffffff
132,Mead,de Tocqueville,mdetocqueville3n@behance.net,Male,91.213.25.195,http://dummyimage.com/244x100.png/ff4444/ffffff
133,Matthaeus,Brimblecomb,mbrimblecomb3o@over-blog.com,Female,238.163.246.70,http://dummyimage.com/231x100.png/cc0000/ffffff
134,Rochell,Dankersley,rdankersley3p@nih.gov,Male,95.22.245.212,http://dummyimage.com/171x100.png/dddddd/000000
135,Elsi,Radborne,eradborne3q@twitter.com,Female,141.223.203.14,http://dummyimage.com/250x100.png/5fa2dd/ffffff
136,Zora,Oleksinski,zoleksinski3r@blog.com,Genderfluid,75.103.72.140,http://dummyimage.com/187x100.png/dddddd/000000
137,Willi,Dyas,wdyas3s@networksolutions.com,Female,28.49.249.39,http://dummyimage.com/125x100.png/ff4444/ffffff
138,Madelon,Ruzek,mruzek3t@apple.com,Male,29.106.204.216,http://dummyimage.com/249x100.png/cc0000/ffffff
139,Jackson,Sima,jsima3u@is.gd,Male,252.139.128.145,http://dummyimage.com/111x100.png/ff4444/ffffff
140,Halsy,Hanrott,hhanrott3v@sciencedirect.com,Female,115.48.229.176,http://dummyimage.com/119x100.png/dddddd/000000
141,Wilmer,Nortcliffe,wnortcliffe3w@twitpic.com,Female,20.89.237.5,http://dummyimage.com/142x100.png/5fa2dd/ffffff
142,Trix,Oats,toats3x@twitter.com,Female,192.187.206.83,http://dummyimage.com/219x100.png/5fa2dd/ffffff
143,Kaine,Ruxton,kruxton3y@toplist.cz,Male,7.137.50.248,http://dummyimage.com/109x100.png/ff4444/ffffff
144,Ruthe,O'Hara,rohara3z@cnet.com,Female,208.208.60.245,http://dummyimage.com/229x100.png/ff4444/ffffff
145,Louella,Shilliday,lshilliday40@cmu.edu,Non-binary,134.148.121.225,http://dummyimage.com/184x100.png/dddddd/000000
146,Alecia,Hickenbottom,ahickenbottom41@seesaa.net,Male,99.220.189.217,http://dummyimage.com/213x100.png/cc0000/ffffff
147,Othilia,Rollings,orollings42@ucsd.edu,Female,39.114.52.184,http://dummyimage.com/175x100.png/ff4444/ffffff
148,Coriss,Rabb,crabb43@amazon.com,Female,23.252.31.112,http://dummyimage.com/196x100.png/cc0000/ffffff
149,Nick,Piddletown,npiddletown44@odnoklassniki.ru,Male,35.36.251.200,http://dummyimage.com/124x100.png/5fa2dd/ffffff
150,Angelico,Sparwell,asparwell45@lycos.com,Male,213.130.62.157,http://dummyimage.com/132x100.png/cc0000/ffffff
151,Kale,Knowlman,kknowlman46@gmpg.org,Male,185.226.251.44,http://dummyimage.com/111x100.png/ff4444/ffffff
152,Garvy,Aplin,gaplin47@instagram.com,Female,88.80.43.157,http://dummyimage.com/182x100.png/5fa2dd/ffffff
153,Jerrome,Mayhew,jmayhew48@desdev.cn,Male,9.239.77.223,http://dummyimage.com/222x100.png/dddddd/000000
154,Catrina,Ferenc,cferenc49@scribd.com,Female,228.166.4.54,http://dummyimage.com/174x100.png/cc0000/ffffff
155,Guss,Berrygun,gberrygun4a@domainmarket.com,Male,136.84.185.222,http://dummyimage.com/173x100.png/cc0000/ffffff
156,Archibaldo,Petrenko,apetrenko4b@berkeley.edu,Female,42.140.211.149,http://dummyimage.com/202x100.png/5fa2dd/ffffff
157,Inga,Showering,ishowering4c@networkadvertising.org,Male,206.38.156.125,http://dummyimage.com/209x100.png/cc0000/ffffff
158,Birgit,Bolger,bbolger4d@chron.com,Female,80.25.232.200,http://dummyimage.com/191x100.png/ff4444/ffffff
159,Thatcher,Privett,tprivett4e@yelp.com,Genderqueer,7.67.45.220,http://dummyimage.com/111x100.png/ff4444/ffffff
160,Giulio,Gillingham,ggillingham4f@telegraph.co.uk,Female,234.185.42.88,http://dummyimage.com/117x100.png/ff4444/ffffff
161,Domenico,Fredi,dfredi4g@pen.io,Female,190.22.78.118,http://dummyimage.com/141x100.png/ff4444/ffffff
162,Perri,Coorington,pcoorington4h@homestead.com,Female,229.35.249.68,http://dummyimage.com/139x100.png/cc0000/ffffff
163,Kristina,Jacquet,kjacquet4i@netvibes.com,Male,184.217.118.198,http://dummyimage.com/235x100.png/dddddd/000000
164,Rosamund,Warrier,rwarrier4j@issuu.com,Female,175.156.3.152,http://dummyimage.com/112x100.png/ff4444/ffffff
165,Keary,Ragg,kragg4k@biglobe.ne.jp,Genderqueer,10.193.251.234,http://dummyimage.com/215x100.png/ff4444/ffffff
166,Tonnie,Nuttey,tnuttey4l@networksolutions.com,Female,218.157.96.82,http://dummyimage.com/213x100.png/ff4444/ffffff
167,Dyana,de Grey,ddegrey4m@businesswire.com,Male,234.64.233.87,http://dummyimage.com/177x100.png/5fa2dd/ffffff
168,Sacha,Borit,sborit4n@e-recht24.de,Female,201.138.161.91,http://dummyimage.com/103x100.png/cc0000/ffffff
169,Row,Gingles,rgingles4o@purevolume.com,Male,158.134.151.84,http://dummyimage.com/101x100.png/dddddd/000000
170,Lizzy,Dodgshon,ldodgshon4p@google.fr,Female,64.60.223.3,http://dummyimage.com/183x100.png/dddddd/000000
171,Jodie,McKevitt,jmckevitt4q@bloomberg.com,Female,15.16.111.236,http://dummyimage.com/229x100.png/dddddd/000000
172,Webb,O'Duggan,woduggan4r@chron.com,Female,36.179.201.109,http://dummyimage.com/142x100.png/dddddd/000000
173,Iago,Degoy,idegoy4s@stanford.edu,Female,248.28.53.64,http://dummyimage.com/200x100.png/5fa2dd/ffffff
174,Modestine,Mill,mmill4t@wix.com,Female,2.98.228.159,http://dummyimage.com/189x100.png/5fa2dd/ffffff
175,Meg,Geroldi,mgeroldi4u@1und1.de,Genderqueer,105.84.107.98,http://dummyimage.com/114x100.png/cc0000/ffffff
176,Leigh,Gordge,lgordge4v@sohu.com,Genderfluid,147.31.112.221,http://dummyimage.com/209x100.png/dddddd/000000
177,Stephenie,Asty,sasty4w@webs.com,Male,130.122.164.229,http://dummyimage.com/241x100.png/ff4444/ffffff
178,Malvina,Kupper,mkupper4x@people.com.cn,Male,84.148.39.118,http://dummyimage.com/110x100.png/ff4444/ffffff
179,Jobie,Pecey,jpecey4y@vk.com,Female,91.55.78.14,http://dummyimage.com/143x100.png/ff4444/ffffff
180,Elli,Anthill,eanthill4z@army.mil,Female,11.33.184.57,http://dummyimage.com/233x100.png/5fa2dd/ffffff
181,Ellette,Giovannilli,egiovannilli50@fastcompany.com,Female,40.26.93.96,http://dummyimage.com/169x100.png/cc0000/ffffff
182,Licha,Stringfellow,lstringfellow51@aboutads.info,Male,165.94.105.104,http://dummyimage.com/106x100.png/dddddd/000000
183,Graig,Royston,groyston52@auda.org.au,Female,33.76.149.157,http://dummyimage.com/186x100.png/dddddd/000000
184,Carolann,Rioch,crioch53@cnbc.com,Female,39.127.217.159,http://dummyimage.com/157x100.png/ff4444/ffffff
185,Aloisia,Pfaffel,apfaffel54@over-blog.com,Female,145.226.239.231,http://dummyimage.com/201x100.png/ff4444/ffffff
186,Jasen,Hackin,jhackin55@dion.ne.jp,Female,97.197.152.183,http://dummyimage.com/213x100.png/ff4444/ffffff
187,Nye,Witchalls,nwitchalls56@lycos.com,Male,44.246.11.1,http://dummyimage.com/161x100.png/5fa2dd/ffffff
188,Thomasa,Panchen,tpanchen57@w3.org,Female,140.105.123.108,http://dummyimage.com/201x100.png/5fa2dd/ffffff
189,Itch,Hebron,ihebron58@virginia.edu,Male,195.156.189.116,http://dummyimage.com/175x100.png/ff4444/ffffff
190,Jakob,Chatten,jchatten59@dot.gov,Male,16.156.12.224,http://dummyimage.com/172x100.png/cc0000/ffffff
191,Ignazio,Frances,ifrances5a@geocities.jp,Female,238.29.201.55,http://dummyimage.com/246x100.png/cc0000/ffffff
192,Hashim,Cockshoot,hcockshoot5b@unc.edu,Female,133.201.108.169,http://dummyimage.com/141x100.png/ff4444/ffffff
193,Lorinda,Domengue,ldomengue5c@nasa.gov,Female,151.128.85.153,http://dummyimage.com/105x100.png/dddddd/000000
194,Adrien,Dalzell,adalzell5d@google.es,Male,143.105.202.205,http://dummyimage.com/233x100.png/ff4444/ffffff
195,Conan,Mynett,cmynett5e@mozilla.com,Male,82.23.150.186,http://dummyimage.com/171x100.png/dddddd/000000
196,Noell,Saer,nsaer5f@miibeian.gov.cn,Male,234.49.230.25,http://dummyimage.com/197x100.png/ff4444/ffffff
197,Clovis,Soonhouse,csoonhouse5g@simplemachines.org,Male,113.184.110.224,http://dummyimage.com/199x100.png/ff4444/ffffff
198,Norbie,Abbots,nabbots5h@uol.com.br,Male,145.122.130.124,http://dummyimage.com/223x100.png/cc0000/ffffff
199,Ronny,Crut,rcrut5i@g.co,Female,75.0.215.109,http://dummyimage.com/135x100.png/cc0000/ffffff
200,Maure,Iwaszkiewicz,miwaszkiewicz5j@typepad.com,Female,172.118.36.18,http://dummyimage.com/135x100.png/cc0000/ffffff
201,Yorke,Constable,yconstable5k@alibaba.com,Female,230.59.66.66,http://dummyimage.com/143x100.png/ff4444/ffffff
202,Sabrina,Boath,sboath5l@howstuffworks.com,Male,107.227.7.195,http://dummyimage.com/157x100.png/5fa2dd/ffffff
203,Lissi,Lacheze,llacheze5m@yahoo.co.jp,Female,103.176.82.187,http://dummyimage.com/156x100.png/dddddd/000000
204,Eva,Betham,ebetham5n@nps.gov,Female,153.136.177.220,http://dummyimage.com/215x100.png/dddddd/000000
205,Ophelia,Mowatt,omowatt5o@bloomberg.com,Male,2.181.132.157,http://dummyimage.com/166x100.png/dddddd/000000
206,Harley,Solomon,hsolomon5p@arizona.edu,Female,164.255.53.110,http://dummyimage.com/202x100.png/ff4444/ffffff
207,Howard,Money,hmoney5q@home.pl,Male,227.9.147.51,http://dummyimage.com/217x100.png/5fa2dd/ffffff
208,Hildy,Matchell,hmatchell5r@4shared.com,Female,49.118.180.170,http://dummyimage.com/168x100.png/ff4444/ffffff
209,Lorraine,Stillwell,lstillwell5s@webs.com,Agender,42.115.69.135,http://dummyimage.com/170x100.png/5fa2dd/ffffff
210,Elianora,Berthel,eberthel5t@yahoo.com,Male,234.166.49.241,http://dummyimage.com/166x100.png/dddddd/000000
211,Murial,Gresly,mgresly5u@toplist.cz,Male,142.31.28.223,http://dummyimage.com/214x100.png/dddddd/000000
212,Demetris,Clougher,dclougher5v@vkontakte.ru,Female,46.221.121.209,http://dummyimage.com/212x100.png/dddddd/000000
213,Amil,Colrein,acolrein5w@plala.or.jp,Male,64.4.120.139,http://dummyimage.com/235x100.png/ff4444/ffffff
214,Linette,Rimer,lrimer5x@goodreads.com,Female,237.67.241.38,http://dummyimage.com/222x100.png/dddddd/000000
215,Olympe,Clothier,oclothier5y@webmd.com,Male,133.201.192.136,http://dummyimage.com/236x100.png/5fa2dd/ffffff
216,Loleta,Padula,lpadula5z@mapy.cz,Female,105.61.22.241,http://dummyimage.com/227x100.png/dddddd/000000
217,Ann,Denness,adenness60@biglobe.ne.jp,Male,134.174.48.155,http://dummyimage.com/216x100.png/dddddd/000000
218,Winny,Whyborn,wwhyborn61@comsenz.com,Female,101.248.56.12,http://dummyimage.com/131x100.png/cc0000/ffffff
219,Dyane,Giannotti,dgiannotti62@constantcontact.com,Male,129.190.52.56,http://dummyimage.com/146x100.png/cc0000/ffffff
220,Pippy,Beveridge,pbeveridge63@aboutads.info,Female,198.137.1.164,http://dummyimage.com/223x100.png/dddddd/000000
221,Elga,Zarfai,ezarfai64@tinyurl.com,Male,87.81.120.162,http://dummyimage.com/158x100.png/ff4444/ffffff
222,Royal,Sinkings,rsinkings65@alibaba.com,Male,245.182.135.15,http://dummyimage.com/185x100.png/ff4444/ffffff
223,Prentice,Crame,pcrame66@jugem.jp,Female,204.98.110.31,http://dummyimage.com/200x100.png/5fa2dd/ffffff
224,Neron,Cordie,ncordie67@weather.com,Male,184.146.35.255,http://dummyimage.com/240x100.png/ff4444/ffffff
225,Abbey,Dominguez,adominguez68@vk.com,Male,245.126.37.234,http://dummyimage.com/221x100.png/cc0000/ffffff
226,Ree,Merrin,rmerrin69@dedecms.com,Female,233.63.27.186,http://dummyimage.com/245x100.png/dddddd/000000
227,Rosita,Huish,rhuish6a@github.com,Male,150.31.102.36,http://dummyimage.com/183x100.png/5fa2dd/ffffff
228,Sherm,Aleksashin,saleksashin6b@diigo.com,Female,111.190.162.103,http://dummyimage.com/117x100.png/5fa2dd/ffffff
229,Karry,Bonde,kbonde6c@comcast.net,Female,164.144.255.238,http://dummyimage.com/158x100.png/5fa2dd/ffffff
230,Joellyn,McEwen,jmcewen6d@free.fr,Male,180.9.17.11,http://dummyimage.com/113x100.png/ff4444/ffffff
231,Ashbey,Illes,ailles6e@de.vu,Male,100.66.64.64,http://dummyimage.com/202x100.png/ff4444/ffffff
232,Georgianne,Tofful,gtofful6f@google.es,Female,237.173.47.181,http://dummyimage.com/202x100.png/cc0000/ffffff
233,Martino,Costerd,mcosterd6g@sfgate.com,Male,220.215.226.157,http://dummyimage.com/207x100.png/5fa2dd/ffffff
234,Margalo,Reedy,mreedy6h@ameblo.jp,Female,217.200.154.62,http://dummyimage.com/159x100.png/5fa2dd/ffffff
235,Kessiah,Davidde,kdavidde6i@google.co.jp,Male,138.207.72.30,http://dummyimage.com/163x100.png/dddddd/000000
236,Meara,Bedwell,mbedwell6j@phoca.cz,Female,119.179.92.157,http://dummyimage.com/150x100.png/cc0000/ffffff
237,Hoebart,Hadlow,hhadlow6k@goo.ne.jp,Female,44.99.240.169,http://dummyimage.com/147x100.png/5fa2dd/ffffff
238,Minnie,Plevey,mplevey6l@wix.com,Non-binary,22.186.200.46,http://dummyimage.com/246x100.png/cc0000/ffffff
239,Brandice,Fawkes,bfawkes6m@prlog.org,Male,81.255.110.222,http://dummyimage.com/190x100.png/cc0000/ffffff
240,Maddie,Corbert,mcorbert6n@xing.com,Male,231.243.63.231,http://dummyimage.com/172x100.png/dddddd/000000
241,Zak,Handyside,zhandyside6o@google.cn,Male,244.143.169.106,http://dummyimage.com/174x100.png/5fa2dd/ffffff
242,Stephana,Beardon,sbeardon6p@foxnews.com,Male,205.189.189.74,http://dummyimage.com/175x100.png/ff4444/ffffff
243,Greg,Kayne,gkayne6q@whitehouse.gov,Female,230.79.231.252,http://dummyimage.com/157x100.png/dddddd/000000
244,Elisabeth,MacPaik,emacpaik6r@uol.com.br,Male,53.148.210.53,http://dummyimage.com/112x100.png/5fa2dd/ffffff
245,Ambur,Dobbins,adobbins6s@fema.gov,Male,40.185.94.202,http://dummyimage.com/130x100.png/dddddd/000000
246,Carroll,Ackroyd,cackroyd6t@devhub.com,Female,17.121.54.85,http://dummyimage.com/115x100.png/5fa2dd/ffffff
247,Catlin,Reville,creville6u@answers.com,Male,5.47.148.133,http://dummyimage.com/247x100.png/cc0000/ffffff
248,Gleda,Danby,gdanby6v@yolasite.com,Female,195.186.0.155,http://dummyimage.com/135x100.png/dddddd/000000
249,Dorothee,Durgan,ddurgan6w@networksolutions.com,Male,144.228.93.151,http://dummyimage.com/187x100.png/5fa2dd/ffffff
250,Bell,Wapol,bwapol6x@desdev.cn,Female,38.34.49.51,http://dummyimage.com/168x100.png/ff4444/ffffff
251,Gardener,Hewins,ghewins6y@youtu.be,Male,178.161.135.234,http://dummyimage.com/169x100.png/5fa2dd/ffffff
252,Eadie,Simoncini,esimoncini6z@themeforest.net,Male,2.134.97.148,http://dummyimage.com/238x100.png/ff4444/ffffff
253,Leon,Croal,lcroal70@symantec.com,Male,173.94.182.218,http://dummyimage.com/170x100.png/dddddd/000000
254,Merrill,Ryce,mryce71@wordpress.org,Female,161.233.26.162,http://dummyimage.com/146x100.png/cc0000/ffffff
255,Michal,Johanchon,mjohanchon72@tamu.edu,Male,60.180.250.226,http://dummyimage.com/202x100.png/dddddd/000000
256,Rockey,Fossey,rfossey73@homestead.com,Genderqueer,213.163.28.23,http://dummyimage.com/157x100.png/dddddd/000000
257,Dela,Hanhart,dhanhart74@acquirethisname.com,Male,167.1.241.61,http://dummyimage.com/104x100.png/5fa2dd/ffffff
258,Hogan,Volker,hvolker75@ted.com,Male,245.207.211.212,http://dummyimage.com/195x100.png/ff4444/ffffff
259,Janel,Kent,jkent76@delicious.com,Female,114.177.126.114,http://dummyimage.com/228x100.png/ff4444/ffffff
260,Cassius,Dockray,cdockray77@people.com.cn,Male,167.235.47.52,http://dummyimage.com/197x100.png/5fa2dd/ffffff
261,Adham,Fadian,afadian78@wired.com,Male,111.16.129.81,http://dummyimage.com/121x100.png/5fa2dd/ffffff
262,Corbie,Douch,cdouch79@paypal.com,Male,83.80.36.138,http://dummyimage.com/119x100.png/cc0000/ffffff
263,Dougie,Rapkins,drapkins7a@fema.gov,Female,44.253.9.124,http://dummyimage.com/137x100.png/5fa2dd/ffffff
264,Frankie,Eard,feard7b@prnewswire.com,Male,44.202.248.12,http://dummyimage.com/167x100.png/5fa2dd/ffffff
265,Kristine,Muldowney,kmuldowney7c@tiny.cc,Female,225.176.207.217,http://dummyimage.com/178x100.png/ff4444/ffffff
266,Luci,Charpling,lcharpling7d@seesaa.net,Agender,81.211.132.247,http://dummyimage.com/184x100.png/cc0000/ffffff
267,Samantha,Headford,sheadford7e@google.es,Female,102.67.40.250,http://dummyimage.com/199x100.png/5fa2dd/ffffff
268,Carry,Tures,ctures7f@deliciousdays.com,Male,248.223.67.19,http://dummyimage.com/247x100.png/5fa2dd/ffffff
269,Jo-ann,Patkin,jpatkin7g@sourceforge.net,Male,229.153.60.117,http://dummyimage.com/233x100.png/dddddd/000000
270,Samaria,Hewlings,shewlings7h@google.nl,Female,40.172.89.69,http://dummyimage.com/240x100.png/5fa2dd/ffffff
271,Christiane,Swadden,cswadden7i@csmonitor.com,Female,48.217.127.183,http://dummyimage.com/105x100.png/cc0000/ffffff
272,Boone,Whitsun,bwhitsun7j@nationalgeographic.com,Genderfluid,202.227.88.226,http://dummyimage.com/194x100.png/dddddd/000000
273,Gerrard,Olin,golin7k@google.es,Female,158.70.40.123,http://dummyimage.com/173x100.png/dddddd/000000
274,Arliene,O' Flaherty,aoflaherty7l@noaa.gov,Bigender,75.12.1.203,http://dummyimage.com/234x100.png/5fa2dd/ffffff
275,Luke,Willbraham,lwillbraham7m@addtoany.com,Genderfluid,150.47.208.29,http://dummyimage.com/187x100.png/ff4444/ffffff
276,Sherwood,Calabry,scalabry7n@elegantthemes.com,Female,233.217.111.62,http://dummyimage.com/113x100.png/5fa2dd/ffffff
277,Sammy,Pogg,spogg7o@sbwire.com,Male,31.93.89.199,http://dummyimage.com/117x100.png/dddddd/000000
278,Land,Biskupski,lbiskupski7p@google.com,Female,235.14.133.241,http://dummyimage.com/196x100.png/ff4444/ffffff
279,Cristine,Bridger,cbridger7q@deviantart.com,Male,5.242.63.104,http://dummyimage.com/168x100.png/5fa2dd/ffffff
280,Orson,Chatres,ochatres7r@tmall.com,Female,164.173.12.147,http://dummyimage.com/152x100.png/dddddd/000000
281,Arri,Garretson,agarretson7s@parallels.com,Male,140.230.188.116,http://dummyimage.com/207x100.png/ff4444/ffffff
282,Emogene,Ornils,eornils7t@plala.or.jp,Female,56.161.113.23,http://dummyimage.com/125x100.png/5fa2dd/ffffff
283,Jordan,Loiterton,jloiterton7u@dot.gov,Agender,9.146.184.13,http://dummyimage.com/174x100.png/dddddd/000000
284,Adore,Ransfield,aransfield7v@lulu.com,Female,159.116.125.174,http://dummyimage.com/239x100.png/5fa2dd/ffffff
285,Cassy,Parkins,cparkins7w@wp.com,Male,23.92.177.100,http://dummyimage.com/141x100.png/5fa2dd/ffffff
286,Caitrin,Feighry,cfeighry7x@linkedin.com,Genderqueer,250.233.71.169,http://dummyimage.com/137x100.png/cc0000/ffffff
287,Gratiana,Drieu,gdrieu7y@scribd.com,Male,40.103.54.87,http://dummyimage.com/194x100.png/cc0000/ffffff
288,Bartholomeus,Wynrahame,bwynrahame7z@edublogs.org,Male,114.121.200.44,http://dummyimage.com/173x100.png/dddddd/000000
289,Tabby,Pilgram,tpilgram80@discovery.com,Female,97.209.149.206,http://dummyimage.com/196x100.png/5fa2dd/ffffff
290,Agnesse,Handke,ahandke81@google.es,Female,196.171.122.47,http://dummyimage.com/218x100.png/dddddd/000000
291,Farra,Filimore,ffilimore82@bbc.co.uk,Female,179.134.208.27,http://dummyimage.com/217x100.png/5fa2dd/ffffff
292,Mateo,Ellsbury,mellsbury83@twitter.com,Female,197.235.228.164,http://dummyimage.com/215x100.png/ff4444/ffffff
293,Fowler,Nisbith,fnisbith84@live.com,Female,133.122.49.224,http://dummyimage.com/250x100.png/5fa2dd/ffffff
294,Mady,Golbourn,mgolbourn85@washington.edu,Male,2.219.182.235,http://dummyimage.com/170x100.png/cc0000/ffffff
295,Archibold,Brisland,abrisland86@geocities.jp,Female,201.32.30.225,http://dummyimage.com/241x100.png/dddddd/000000
296,Genny,Pride,gpride87@gov.uk,Female,184.50.215.119,http://dummyimage.com/213x100.png/5fa2dd/ffffff
297,Damien,Jeanel,djeanel88@jigsy.com,Female,118.5.34.50,http://dummyimage.com/115x100.png/dddddd/000000
298,Stesha,Elliker,selliker89@drupal.org,Male,93.239.206.204,http://dummyimage.com/112x100.png/dddddd/000000
299,Rene,Spera,rspera8a@washington.edu,Female,122.78.193.20,http://dummyimage.com/194x100.png/cc0000/ffffff
300,Horace,Fenty,hfenty8b@webeden.co.uk,Female,140.110.72.116,http://dummyimage.com/112x100.png/dddddd/000000
301,Hillier,Lazer,hlazer8c@marketwatch.com,Female,89.159.11.73,http://dummyimage.com/214x100.png/ff4444/ffffff
302,Meta,Nannizzi,mnannizzi8d@cargocollective.com,Female,86.141.66.173,http://dummyimage.com/246x100.png/5fa2dd/ffffff
303,Melisent,McGarrahan,mmcgarrahan8e@reuters.com,Female,184.24.121.165,http://dummyimage.com/143x100.png/5fa2dd/ffffff
304,Cornela,Spilsbury,cspilsbury8f@berkeley.edu,Male,96.30.111.253,http://dummyimage.com/131x100.png/ff4444/ffffff
305,Etan,Cufley,ecufley8g@deliciousdays.com,Male,208.54.137.238,http://dummyimage.com/233x100.png/5fa2dd/ffffff
306,Archer,Pavolini,apavolini8h@simplemachines.org,Male,92.50.103.9,http://dummyimage.com/222x100.png/cc0000/ffffff
307,Pierrette,Treamayne,ptreamayne8i@cdbaby.com,Female,236.124.23.145,http://dummyimage.com/111x100.png/ff4444/ffffff
308,Nestor,Prazor,nprazor8j@nyu.edu,Male,109.113.140.186,http://dummyimage.com/119x100.png/cc0000/ffffff
309,Ephraim,Verissimo,everissimo8k@weather.com,Female,16.16.133.9,http://dummyimage.com/132x100.png/dddddd/000000
310,Janaya,Nance,jnance8l@flavors.me,Female,63.104.177.194,http://dummyimage.com/160x100.png/ff4444/ffffff
311,Katee,Guillou,kguillou8m@bloglovin.com,Male,88.92.105.99,http://dummyimage.com/223x100.png/cc0000/ffffff
312,Flynn,Trowel,ftrowel8n@i2i.jp,Female,249.250.247.167,http://dummyimage.com/182x100.png/ff4444/ffffff
313,Carey,Dutt,cdutt8o@networkadvertising.org,Female,169.213.115.185,http://dummyimage.com/241x100.png/cc0000/ffffff
314,Abrahan,Strutz,astrutz8p@examiner.com,Male,45.8.226.41,http://dummyimage.com/218x100.png/ff4444/ffffff
315,Dane,Glandon,dglandon8q@mayoclinic.com,Female,71.205.234.52,http://dummyimage.com/155x100.png/dddddd/000000
316,Concettina,Handscombe,chandscombe8r@shinystat.com,Male,49.32.77.248,http://dummyimage.com/145x100.png/5fa2dd/ffffff
317,Horacio,Glavin,hglavin8s@ucoz.com,Male,28.222.213.158,http://dummyimage.com/169x100.png/ff4444/ffffff
318,Arther,Woofendell,awoofendell8t@typepad.com,Male,44.12.106.47,http://dummyimage.com/149x100.png/cc0000/ffffff
319,Tuesday,Sartain,tsartain8u@storify.com,Male,241.129.207.60,http://dummyimage.com/214x100.png/dddddd/000000
320,Esteban,Draper,edraper8v@e-recht24.de,Polygender,238.152.90.147,http://dummyimage.com/245x100.png/dddddd/000000
321,Skelly,Twentyman,stwentyman8w@g.co,Male,245.90.10.150,http://dummyimage.com/130x100.png/5fa2dd/ffffff
322,Giorgio,Zukerman,gzukerman8x@unesco.org,Female,153.217.170.114,http://dummyimage.com/143x100.png/ff4444/ffffff
323,Geralda,Tessington,gtessington8y@dailymail.co.uk,Male,185.230.171.191,http://dummyimage.com/121x100.png/5fa2dd/ffffff
324,Winifield,Felderer,wfelderer8z@ow.ly,Female,53.94.177.71,http://dummyimage.com/186x100.png/cc0000/ffffff
325,Odie,Draxford,odraxford90@google.co.uk,Female,0.97.91.244,http://dummyimage.com/125x100.png/cc0000/ffffff
326,Forrest,Tumasian,ftumasian91@exblog.jp,Male,50.163.164.235,http://dummyimage.com/237x100.png/dddddd/000000
327,Gauthier,Di Angelo,gdiangelo92@xrea.com,Male,221.189.127.50,http://dummyimage.com/126x100.png/cc0000/ffffff
328,Robby,Nellis,rnellis93@purevolume.com,Female,69.116.242.230,http://dummyimage.com/245x100.png/cc0000/ffffff
329,Elset,D'Alesio,edalesio94@vinaora.com,Male,198.192.117.0,http://dummyimage.com/165x100.png/ff4444/ffffff
330,Maje,Cawston,mcawston95@bigcartel.com,Female,137.26.88.177,http://dummyimage.com/126x100.png/ff4444/ffffff
331,Kanya,Willimot,kwillimot96@dot.gov,Female,189.30.194.181,http://dummyimage.com/123x100.png/ff4444/ffffff
332,Anthe,Minker,aminker97@last.fm,Male,64.192.95.55,http://dummyimage.com/211x100.png/dddddd/000000
333,Shadow,Freemantle,sfreemantle98@geocities.com,Genderqueer,224.255.217.173,http://dummyimage.com/173x100.png/ff4444/ffffff
334,Osbourne,Kitlee,okitlee99@reverbnation.com,Female,165.43.104.201,http://dummyimage.com/238x100.png/5fa2dd/ffffff
335,Marigold,Hazart,mhazart9a@t.co,Female,200.119.253.130,http://dummyimage.com/114x100.png/ff4444/ffffff
336,Cointon,Cruces,ccruces9b@mac.com,Male,173.63.118.237,http://dummyimage.com/127x100.png/dddddd/000000
337,Marlo,Cabel,mcabel9c@fotki.com,Female,89.39.199.100,http://dummyimage.com/204x100.png/ff4444/ffffff
338,Kitty,Kinnach,kkinnach9d@desdev.cn,Female,215.121.36.34,http://dummyimage.com/105x100.png/ff4444/ffffff
339,Filberte,Stockoe,fstockoe9e@github.com,Female,48.117.206.184,http://dummyimage.com/166x100.png/cc0000/ffffff
340,Jasper,MacColl,jmaccoll9f@deliciousdays.com,Male,167.70.63.81,http://dummyimage.com/141x100.png/cc0000/ffffff
341,Christiana,Offell,coffell9g@freewebs.com,Male,11.3.33.246,http://dummyimage.com/221x100.png/5fa2dd/ffffff
342,Giralda,Campione,gcampione9h@slashdot.org,Female,162.88.240.240,http://dummyimage.com/186x100.png/ff4444/ffffff
343,Say,Pownall,spownall9i@webs.com,Female,62.171.76.126,http://dummyimage.com/249x100.png/cc0000/ffffff
344,Abdel,Aggs,aaggs9j@homestead.com,Female,154.22.81.249,http://dummyimage.com/183x100.png/5fa2dd/ffffff
345,Jacquelynn,Allchin,jallchin9k@blogspot.com,Male,122.166.127.1,http://dummyimage.com/109x100.png/dddddd/000000
346,Flossy,Hens,fhens9l@yandex.ru,Female,122.148.225.14,http://dummyimage.com/149x100.png/ff4444/ffffff
347,Roth,Lloyd-Williams,rlloydwilliams9m@irs.gov,Female,218.248.57.37,http://dummyimage.com/104x100.png/ff4444/ffffff
348,Freeland,Yurikov,fyurikov9n@amazon.co.uk,Female,223.138.26.10,http://dummyimage.com/113x100.png/dddddd/000000
349,Sosanna,Cleve,scleve9o@google.pl,Female,15.48.112.252,http://dummyimage.com/161x100.png/ff4444/ffffff
350,Brittany,Reisin,breisin9p@statcounter.com,Genderfluid,231.185.218.86,http://dummyimage.com/142x100.png/dddddd/000000
351,Muire,Warwicker,mwarwicker9q@smh.com.au,Female,58.244.204.52,http://dummyimage.com/160x100.png/ff4444/ffffff
352,Meryl,Arnaldy,marnaldy9r@vistaprint.com,Female,247.160.111.128,http://dummyimage.com/102x100.png/cc0000/ffffff
353,Grove,Jobb,gjobb9s@noaa.gov,Female,238.58.210.111,http://dummyimage.com/234x100.png/cc0000/ffffff
354,Elena,Barnwill,ebarnwill9t@naver.com,Female,168.172.167.226,http://dummyimage.com/199x100.png/dddddd/000000
355,Hadrian,Treacy,htreacy9u@prlog.org,Male,255.75.121.24,http://dummyimage.com/221x100.png/5fa2dd/ffffff
356,Lefty,Chevers,lchevers9v@tripod.com,Female,141.91.111.80,http://dummyimage.com/196x100.png/ff4444/ffffff
357,Emanuel,Humbie,ehumbie9w@cbslocal.com,Male,28.179.215.154,http://dummyimage.com/201x100.png/ff4444/ffffff
358,Lari,MacGaughy,lmacgaughy9x@youtube.com,Female,32.41.179.207,http://dummyimage.com/186x100.png/5fa2dd/ffffff
359,Barde,Probbin,bprobbin9y@prnewswire.com,Male,142.162.106.185,http://dummyimage.com/191x100.png/ff4444/ffffff
360,Stu,McFayden,smcfayden9z@chicagotribune.com,Female,31.237.131.57,http://dummyimage.com/154x100.png/ff4444/ffffff
361,Hadria,Farthing,hfarthinga0@merriam-webster.com,Male,174.117.219.33,http://dummyimage.com/193x100.png/ff4444/ffffff
362,Ty,Kinde,tkindea1@mit.edu,Female,4.118.122.84,http://dummyimage.com/184x100.png/dddddd/000000
363,Morry,Risebarer,mrisebarera2@abc.net.au,Male,155.91.192.100,http://dummyimage.com/124x100.png/5fa2dd/ffffff
364,Ted,Labden,tlabdena3@jiathis.com,Female,241.221.7.38,http://dummyimage.com/206x100.png/cc0000/ffffff
365,Shelden,Fetherston,sfetherstona4@parallels.com,Female,6.70.43.219,http://dummyimage.com/118x100.png/5fa2dd/ffffff
366,Lyn,Tappington,ltappingtona5@telegraph.co.uk,Male,246.140.134.224,http://dummyimage.com/110x100.png/5fa2dd/ffffff
367,Fredi,Lownds,flowndsa6@miitbeian.gov.cn,Male,236.239.74.146,http://dummyimage.com/184x100.png/cc0000/ffffff
368,Carma,Sillett,csilletta7@alexa.com,Male,145.21.35.102,http://dummyimage.com/188x100.png/dddddd/000000
369,Hermann,Gazey,hgazeya8@whitehouse.gov,Male,32.126.166.10,http://dummyimage.com/125x100.png/cc0000/ffffff
370,Ollie,Drummond,odrummonda9@disqus.com,Male,213.75.52.211,http://dummyimage.com/118x100.png/5fa2dd/ffffff
371,Stacie,Crosson,scrossonaa@meetup.com,Male,55.58.135.125,http://dummyimage.com/224x100.png/ff4444/ffffff
372,Nerty,Everington,neveringtonab@imageshack.us,Female,148.33.106.124,http://dummyimage.com/165x100.png/cc0000/ffffff
373,Zack,Brake,zbrakeac@narod.ru,Female,178.189.119.149,http://dummyimage.com/124x100.png/cc0000/ffffff
374,Chryste,Jacobi,cjacobiad@discovery.com,Male,221.251.37.160,http://dummyimage.com/132x100.png/ff4444/ffffff
375,Kacey,Beincken,kbeinckenae@arstechnica.com,Non-binary,180.64.109.205,http://dummyimage.com/235x100.png/ff4444/ffffff
376,Tadd,Gobbet,tgobbetaf@vkontakte.ru,Male,235.149.81.152,http://dummyimage.com/222x100.png/dddddd/000000
377,Osmond,Armatage,oarmatageag@indiatimes.com,Male,243.3.181.143,http://dummyimage.com/250x100.png/cc0000/ffffff
378,Bernete,Davidman,bdavidmanah@tripadvisor.com,Female,253.41.55.109,http://dummyimage.com/134x100.png/5fa2dd/ffffff
379,Federico,Hadingham,fhadinghamai@arizona.edu,Male,214.184.52.132,http://dummyimage.com/199x100.png/cc0000/ffffff
380,Percy,Vanini,pvaniniaj@ucla.edu,Male,77.216.225.126,http://dummyimage.com/135x100.png/ff4444/ffffff
381,Maximilianus,Dumsday,mdumsdayak@ox.ac.uk,Female,226.166.251.216,http://dummyimage.com/106x100.png/cc0000/ffffff
382,Stanton,Leadston,sleadstonal@sourceforge.net,Male,30.243.209.17,http://dummyimage.com/114x100.png/5fa2dd/ffffff
383,Zachariah,Petcher,zpetcheram@go.com,Female,99.152.164.167,http://dummyimage.com/224x100.png/cc0000/ffffff
384,Barnaby,Maffey,bmaffeyan@tuttocitta.it,Female,180.41.152.118,http://dummyimage.com/250x100.png/ff4444/ffffff
385,Raymond,Filyakov,rfilyakovao@mail.ru,Male,48.177.96.60,http://dummyimage.com/209x100.png/dddddd/000000
386,Nanine,Berrisford,nberrisfordap@vkontakte.ru,Male,116.120.103.162,http://dummyimage.com/140x100.png/cc0000/ffffff
387,Derwin,Espinal,despinalaq@hibu.com,Male,173.91.81.133,http://dummyimage.com/127x100.png/5fa2dd/ffffff
388,Ario,Cardno,acardnoar@desdev.cn,Female,181.61.180.81,http://dummyimage.com/189x100.png/cc0000/ffffff
389,Julianna,Kyneton,jkynetonas@google.es,Male,72.120.86.135,http://dummyimage.com/209x100.png/cc0000/ffffff
390,Kessia,Rioch,kriochat@sina.com.cn,Female,76.220.42.51,http://dummyimage.com/202x100.png/dddddd/000000
391,Daniela,Jenk,djenkau@slate.com,Female,233.28.71.107,http://dummyimage.com/179x100.png/5fa2dd/ffffff
392,Roderick,Langston,rlangstonav@mysql.com,Female,42.52.240.45,http://dummyimage.com/215x100.png/dddddd/000000
393,Marcelline,Corey,mcoreyaw@dropbox.com,Male,191.92.190.108,http://dummyimage.com/128x100.png/dddddd/000000
394,Burlie,Elkin,belkinax@unesco.org,Female,184.188.13.219,http://dummyimage.com/183x100.png/5fa2dd/ffffff
395,Mommy,Christescu,mchristescuay@microsoft.com,Male,53.46.98.106,http://dummyimage.com/200x100.png/ff4444/ffffff
396,Gleda,Creavan,gcreavanaz@hhs.gov,Female,224.179.5.8,http://dummyimage.com/229x100.png/5fa2dd/ffffff
397,Prince,Matthessen,pmatthessenb0@dagondesign.com,Male,67.201.243.239,http://dummyimage.com/158x100.png/ff4444/ffffff
398,Jere,Quartly,jquartlyb1@census.gov,Male,126.198.163.130,http://dummyimage.com/168x100.png/dddddd/000000
399,Aharon,Easterling,aeasterlingb2@shutterfly.com,Female,54.75.7.41,http://dummyimage.com/248x100.png/ff4444/ffffff
400,Pet,Bothe,pbotheb3@mashable.com,Female,113.95.17.94,http://dummyimage.com/161x100.png/ff4444/ffffff
401,Sam,Gwynn,sgwynnb4@ox.ac.uk,Genderfluid,166.178.161.241,http://dummyimage.com/174x100.png/ff4444/ffffff
402,Coleman,Gedney,cgedneyb5@freewebs.com,Male,199.98.36.185,http://dummyimage.com/226x100.png/dddddd/000000
403,Kristofor,Mattheeuw,kmattheeuwb6@sphinn.com,Female,83.244.43.43,http://dummyimage.com/218x100.png/cc0000/ffffff
404,Cordy,Strettell,cstrettellb7@oaic.gov.au,Female,204.79.144.44,http://dummyimage.com/237x100.png/5fa2dd/ffffff
405,Hestia,Maydwell,hmaydwellb8@dailymotion.com,Female,41.55.106.147,http://dummyimage.com/109x100.png/cc0000/ffffff
406,Sholom,McCarrell,smccarrellb9@newyorker.com,Male,237.72.34.127,http://dummyimage.com/107x100.png/cc0000/ffffff
407,Noelani,Dykins,ndykinsba@paypal.com,Female,136.170.25.228,http://dummyimage.com/190x100.png/cc0000/ffffff
408,Gwyneth,Huntly,ghuntlybb@is.gd,Genderfluid,160.164.252.207,http://dummyimage.com/225x100.png/5fa2dd/ffffff
409,Brianne,Wyson,bwysonbc@booking.com,Male,137.39.128.228,http://dummyimage.com/216x100.png/5fa2dd/ffffff
410,Shea,Goodlet,sgoodletbd@slashdot.org,Female,152.238.133.187,http://dummyimage.com/169x100.png/dddddd/000000
411,Anthea,Pruckner,aprucknerbe@xinhuanet.com,Female,125.135.109.232,http://dummyimage.com/194x100.png/5fa2dd/ffffff
412,Claudette,Fansy,cfansybf@auda.org.au,Female,154.200.23.176,http://dummyimage.com/110x100.png/5fa2dd/ffffff
413,Mala,Crux,mcruxbg@surveymonkey.com,Female,233.111.205.142,http://dummyimage.com/236x100.png/ff4444/ffffff
414,Chicky,Wyllis,cwyllisbh@jiathis.com,Female,254.223.210.78,http://dummyimage.com/165x100.png/5fa2dd/ffffff
415,Derick,Mcettrick,dmcettrickbi@vinaora.com,Male,196.193.179.70,http://dummyimage.com/167x100.png/dddddd/000000
416,Irma,Eger,iegerbj@ed.gov,Female,250.139.221.68,http://dummyimage.com/223x100.png/5fa2dd/ffffff
417,Claudie,Cosins,ccosinsbk@clickbank.net,Female,157.216.140.106,http://dummyimage.com/187x100.png/ff4444/ffffff
418,Merilee,Buske,mbuskebl@census.gov,Female,160.97.175.160,http://dummyimage.com/131x100.png/5fa2dd/ffffff
419,Regan,Casali,rcasalibm@hatena.ne.jp,Agender,222.221.246.119,http://dummyimage.com/242x100.png/5fa2dd/ffffff
420,Gayel,Shurlock,gshurlockbn@google.it,Male,107.182.131.128,http://dummyimage.com/102x100.png/cc0000/ffffff
421,Skye,Birdwhistle,sbirdwhistlebo@lycos.com,Male,4.58.154.224,http://dummyimage.com/237x100.png/cc0000/ffffff
422,Dorolice,Prier,dprierbp@upenn.edu,Female,245.61.156.252,http://dummyimage.com/196x100.png/dddddd/000000
423,Nita,Roja,nrojabq@nifty.com,Male,130.232.27.137,http://dummyimage.com/187x100.png/cc0000/ffffff
424,Ruthi,Grellier,rgrellierbr@scientificamerican.com,Male,240.237.200.28,http://dummyimage.com/184x100.png/cc0000/ffffff
425,Hartwell,Swaddle,hswaddlebs@vkontakte.ru,Polygender,57.44.52.57,http://dummyimage.com/175x100.png/dddddd/000000
426,Hillard,Fairhall,hfairhallbt@prlog.org,Female,209.24.41.146,http://dummyimage.com/173x100.png/ff4444/ffffff
427,Curran,Courtin,ccourtinbu@nsw.gov.au,Male,220.139.166.20,http://dummyimage.com/113x100.png/dddddd/000000
428,Lou,Delong,ldelongbv@odnoklassniki.ru,Male,84.214.215.23,http://dummyimage.com/153x100.png/ff4444/ffffff
429,Gerty,Gunthorpe,ggunthorpebw@dailymotion.com,Polygender,63.120.226.246,http://dummyimage.com/188x100.png/cc0000/ffffff
430,Catherin,Gravet,cgravetbx@wikipedia.org,Female,28.42.249.163,http://dummyimage.com/123x100.png/5fa2dd/ffffff
431,Shalne,Woffinden,swoffindenby@yahoo.com,Male,112.62.214.220,http://dummyimage.com/117x100.png/ff4444/ffffff
432,Byrann,Beese,bbeesebz@earthlink.net,Female,3.244.216.172,http://dummyimage.com/193x100.png/5fa2dd/ffffff
433,Brooke,Waud,bwaudc0@cornell.edu,Female,8.217.93.96,http://dummyimage.com/109x100.png/ff4444/ffffff
434,Cyrillus,Allcroft,callcroftc1@cpanel.net,Male,241.9.60.89,http://dummyimage.com/180x100.png/cc0000/ffffff
435,Miguelita,Plaster,mplasterc2@ted.com,Female,222.52.122.157,http://dummyimage.com/211x100.png/ff4444/ffffff
436,Constantin,Flewan,cflewanc3@irs.gov,Male,97.231.41.84,http://dummyimage.com/167x100.png/dddddd/000000
437,Issi,Whittlesea,iwhittleseac4@buzzfeed.com,Female,215.226.182.217,http://dummyimage.com/200x100.png/5fa2dd/ffffff
438,Genny,Ganforth,gganforthc5@cdc.gov,Male,135.249.195.244,http://dummyimage.com/125x100.png/5fa2dd/ffffff
439,Cori,Marlow,cmarlowc6@simplemachines.org,Female,140.101.68.128,http://dummyimage.com/123x100.png/5fa2dd/ffffff
440,Maria,Brussels,mbrusselsc7@yandex.ru,Male,148.43.197.218,http://dummyimage.com/106x100.png/5fa2dd/ffffff
441,Isidore,Besson,ibessonc8@over-blog.com,Male,63.131.131.147,http://dummyimage.com/229x100.png/dddddd/000000
442,Judith,Hintzer,jhintzerc9@army.mil,Male,33.138.13.63,http://dummyimage.com/132x100.png/cc0000/ffffff
443,Adel,Yurasov,ayurasovca@imageshack.us,Female,48.69.116.30,http://dummyimage.com/127x100.png/cc0000/ffffff
444,Irina,Petri,ipetricb@macromedia.com,Male,176.31.173.179,http://dummyimage.com/195x100.png/dddddd/000000
445,Erminia,Carnelley,ecarnelleycc@un.org,Agender,2.166.57.85,http://dummyimage.com/175x100.png/dddddd/000000
446,Cullen,Wheatman,cwheatmancd@php.net,Female,115.137.115.54,http://dummyimage.com/237x100.png/dddddd/000000
447,Ricoriki,Vaissiere,rvaissierece@g.co,Polygender,0.65.95.49,http://dummyimage.com/175x100.png/ff4444/ffffff
448,Denys,Baggiani,dbaggianicf@etsy.com,Male,12.15.66.239,http://dummyimage.com/133x100.png/5fa2dd/ffffff
449,Patty,Mayall,pmayallcg@nsw.gov.au,Male,114.242.83.100,http://dummyimage.com/219x100.png/ff4444/ffffff
450,Benetta,Bonniface,bbonnifacech@linkedin.com,Female,131.168.42.14,http://dummyimage.com/192x100.png/ff4444/ffffff
451,Meghan,Lanchbery,mlanchberyci@is.gd,Female,36.225.103.99,http://dummyimage.com/149x100.png/5fa2dd/ffffff
452,Colas,Twaits,ctwaitscj@columbia.edu,Male,86.1.74.102,http://dummyimage.com/101x100.png/dddddd/000000
453,Bonita,Charlot,bcharlotck@utexas.edu,Male,26.56.146.182,http://dummyimage.com/247x100.png/dddddd/000000
454,Thedric,Barabisch,tbarabischcl@house.gov,Male,147.35.246.136,http://dummyimage.com/113x100.png/cc0000/ffffff
455,Nonah,Eltun,neltuncm@netscape.com,Male,113.130.101.165,http://dummyimage.com/112x100.png/cc0000/ffffff
456,Penny,Gabey,pgabeycn@google.es,Female,167.198.221.139,http://dummyimage.com/153x100.png/dddddd/000000
457,Georas,Corrett,gcorrettco@jalbum.net,Female,233.40.215.248,http://dummyimage.com/149x100.png/cc0000/ffffff
458,Rockey,Ferby,rferbycp@joomla.org,Female,149.205.104.90,http://dummyimage.com/114x100.png/cc0000/ffffff
459,Fey,Leeburn,fleeburncq@xing.com,Male,11.235.161.228,http://dummyimage.com/196x100.png/cc0000/ffffff
460,Brooke,Dabel,bdabelcr@wikia.com,Male,251.219.23.205,http://dummyimage.com/186x100.png/cc0000/ffffff
461,Kenn,Filippyev,kfilippyevcs@theguardian.com,Female,101.183.52.115,http://dummyimage.com/123x100.png/dddddd/000000
462,Louis,Mitchiner,lmitchinerct@mayoclinic.com,Male,67.164.144.165,http://dummyimage.com/205x100.png/5fa2dd/ffffff
463,Melisenda,MacKee,mmackeecu@blinklist.com,Male,153.36.27.197,http://dummyimage.com/224x100.png/cc0000/ffffff
464,Arabella,Janek,ajanekcv@narod.ru,Female,247.208.69.42,http://dummyimage.com/239x100.png/cc0000/ffffff
465,Anne,Craigie,acraigiecw@dmoz.org,Male,148.255.179.239,http://dummyimage.com/107x100.png/ff4444/ffffff
466,Hortensia,Lowthian,hlowthiancx@technorati.com,Male,72.26.148.238,http://dummyimage.com/237x100.png/cc0000/ffffff
467,Anthia,Kidney,akidneycy@macromedia.com,Female,177.240.158.22,http://dummyimage.com/130x100.png/dddddd/000000
468,Colas,Dalston,cdalstoncz@lulu.com,Female,177.120.173.114,http://dummyimage.com/222x100.png/cc0000/ffffff
469,Orel,Robb,orobbd0@dailymail.co.uk,Female,53.104.241.147,http://dummyimage.com/156x100.png/dddddd/000000
470,Theodosia,Lennon,tlennond1@nba.com,Male,68.98.92.141,http://dummyimage.com/226x100.png/5fa2dd/ffffff
471,Lauren,Dunkinson,ldunkinsond2@jugem.jp,Male,91.153.181.3,http://dummyimage.com/189x100.png/ff4444/ffffff
472,Rudd,Beggan,rbeggand3@quantcast.com,Female,181.205.47.254,http://dummyimage.com/196x100.png/dddddd/000000
473,Joshua,Voce,jvoced4@bluehost.com,Male,142.143.72.237,http://dummyimage.com/154x100.png/cc0000/ffffff
474,Evan,Bellie,ebellied5@sbwire.com,Male,94.10.221.1,http://dummyimage.com/185x100.png/ff4444/ffffff
475,Orran,Evesque,oevesqued6@xinhuanet.com,Male,69.224.187.241,http://dummyimage.com/173x100.png/cc0000/ffffff
476,Barnabe,Maurice,bmauriced7@unblog.fr,Male,29.202.64.136,http://dummyimage.com/134x100.png/ff4444/ffffff
477,Loni,Figures,lfiguresd8@jigsy.com,Male,158.199.164.192,http://dummyimage.com/232x100.png/5fa2dd/ffffff
478,Beryle,McKew,bmckewd9@slate.com,Genderqueer,98.108.30.137,http://dummyimage.com/101x100.png/ff4444/ffffff
479,Rosene,Vossgen,rvossgenda@bloomberg.com,Genderqueer,138.246.65.89,http://dummyimage.com/116x100.png/cc0000/ffffff
480,Wait,Germann,wgermanndb@example.com,Male,152.108.86.185,http://dummyimage.com/143x100.png/cc0000/ffffff
481,Neddy,Morley,nmorleydc@nymag.com,Female,167.23.100.0,http://dummyimage.com/230x100.png/5fa2dd/ffffff
482,Elaine,Carme,ecarmedd@4shared.com,Female,230.11.225.39,http://dummyimage.com/243x100.png/ff4444/ffffff
483,Prent,Dougharty,pdoughartyde@freewebs.com,Bigender,179.142.205.169,http://dummyimage.com/155x100.png/5fa2dd/ffffff
484,Willey,Swedeland,wswedelanddf@cnet.com,Male,138.90.252.175,http://dummyimage.com/193x100.png/ff4444/ffffff
485,Annemarie,Sutherden,asutherdendg@springer.com,Female,149.28.218.174,http://dummyimage.com/162x100.png/cc0000/ffffff
486,Trixie,Morratt,tmorrattdh@blogtalkradio.com,Non-binary,107.145.91.115,http://dummyimage.com/201x100.png/cc0000/ffffff
487,Arney,Shilling,ashillingdi@woothemes.com,Genderfluid,187.238.121.45,http://dummyimage.com/189x100.png/dddddd/000000
488,Lianne,Spadotto,lspadottodj@photobucket.com,Male,145.121.184.173,http://dummyimage.com/228x100.png/cc0000/ffffff
489,Wandie,Kunc,wkuncdk@arstechnica.com,Female,128.80.46.20,http://dummyimage.com/173x100.png/dddddd/000000
490,Alfi,De Bell,adebelldl@home.pl,Genderqueer,110.51.151.59,http://dummyimage.com/199x100.png/dddddd/000000
491,Pier,Reilinger,preilingerdm@stumbleupon.com,Female,209.43.53.156,http://dummyimage.com/231x100.png/cc0000/ffffff
492,Ardys,Brunicke,abrunickedn@tripod.com,Female,106.57.180.65,http://dummyimage.com/216x100.png/5fa2dd/ffffff
493,Faustina,Gage,fgagedo@bloglines.com,Female,64.170.168.238,http://dummyimage.com/149x100.png/dddddd/000000
494,Stephan,Duckering,sduckeringdp@networkadvertising.org,Male,90.13.169.234,http://dummyimage.com/229x100.png/ff4444/ffffff
495,Kerry,Seares,ksearesdq@sciencedaily.com,Female,64.82.116.15,http://dummyimage.com/218x100.png/cc0000/ffffff
496,Hyacinthe,Moorwood,hmoorwooddr@hibu.com,Female,196.78.201.162,http://dummyimage.com/134x100.png/dddddd/000000
497,Caterina,Keirl,ckeirlds@yale.edu,Female,250.5.147.8,http://dummyimage.com/184x100.png/ff4444/ffffff
498,Freeland,Maro,fmarodt@princeton.edu,Male,163.116.159.3,http://dummyimage.com/151x100.png/dddddd/000000
499,Davine,Wingeat,dwingeatdu@accuweather.com,Male,22.20.68.172,http://dummyimage.com/212x100.png/dddddd/000000
500,Melicent,Coverlyn,mcoverlyndv@hostgator.com,Female,246.63.17.120,http://dummyimage.com/151x100.png/dddddd/000000
